{"cameraMode":{"drawMode":0,"name":"Shaded","section":"Shading Mode"},"sceneLighting":false,"audioPlay":false,"sceneViewState":{"showFog":true,"showMaterialUpdate":false,"showSkybox":false,"showFlares":true,"showImageEffects":true,"showParticleSystems":true},"in2DMode":false,"pivot":{"x":-0.5649999976158142,"y":1.0773000717163087,"z":11.016290664672852},"rotation":{"x":0.049393024295568469,"y":0.6794326305389404,"z":-0.04593179374933243,"w":0.7306400537490845},"size":1.7398524284362794,"orthographic":false}